frame,player1,player2
00003,3,2
00015,3,2
00114,6,2
00190,6,2
00232,10,2
00240,12,2
00452,12,2
00481,-,2
00494,-,-
00502,-,-
00505,-,26
00532,-,31
00545,-,-
00558,-,34
00564,-,34
00577,-,34
00624,-,34
00629,-,34
00636,-,34
00681,41,34
00690,41,34
00718,41,34
00729,41,34
00761,41,34
00766,41,34
00786,41,47
00793,41,47
00848,49,47
00872,49,47
00883,49,47
00887,49,47
00897,49,47
00906,49,47
00919,49,47
00930,49,47
00939,49,47
00963,49,47
00976,49,47
00989,-,-
00991,61,-
01000,61,62
01002,61,-
01004,61,64
01120,61,65
01208,61,65
01276,61,65
01297,61,65
01311,-,65
01378,-,65
01394,-,65
01411,-,65
01441,-,78
01452,-,-
01460,83,-
01462,83,85
01467,83,-
01480,83,88
01502,83,88
01522,-,88
01532,-,88
01543,-,88
01595,-,94
01603,-,96
01616,-,96
01632,-,99
01695,102,-
01729,102,-
01731,102,108
01764,102,109
01811,102,111
01826,102,113
01832,102,114
01836,102,115
01841,102,116
01857,102,118
01862,120,-
01868,120,121
01874,120,122
01930,120,122
02072,121,123
02294,125,122
02367,125,126
02400,125,128
02407,125,129
02415,-,129
02548,132,129
02549,132,129
02560,132,129
02576,132,129
02585,132,129
02634,132,129
02641,132,129
02696,132,129
02710,132,129
02716,132,129
02779,132,129
02786,132,129
02794,132,129
02806,132,129
02812,-,129
02819,154,129
02820,154,129
02918,-,-
02922,-,158
02948,159,158
02975,159,158
02988,161,-
02994,161,162
03031,161,163
03146,161,163
03184,161,166
03236,161,166
03373,-,166
03377,-,166
03389,-,-
03396,-,174
03416,-,177
03426,-,177
03430,-,177
03451,-,177
03456,-,177
03467,-,177
03485,-,177
03500,-,186
03503,-,186
03511,189,186
03525,189,186
03667,189,191
03685,189,192
03720,189,192
03728,189,192
03742,189,192
03782,189,192
03952,189,197
04138,189,197
04169,189,197
04181,189,197
04246,205,197
04270,205,206
04325,205,208
04342,205,209
04349,205,210
04369,205,210
04375,205,212
04379,205,212
04438,205,216
04528,205,216
04561,218,216
04626,218,219
04697,220,219
04758,220,222
04795,220,224
04854,220,225
04897,220,226
04924,220,226
04932,229,226
04943,-,226
04960,-,226
04966,-,226
04985,-,233
05004,-,234
05010,-,234
05096,-,234
05133,239,234
05140,239,240
05152,239,-
05172,239,246
05191,239,248
05259,239,249
05281,239,251
05300,239,-
05304,239,-
05316,239,255
05322,239,256
05404,239,256
05411,239,256
05455,239,259
05514,239,259
05596,239,262
05628,239,264
05636,239,264
05648,239,264
05689,239,264
05703,-,264
05710,-,264
05711,-,264
05720,-,264
05723,-,264
05753,-,264
05819,-,264
05872,280,264
05876,281,264
05888,281,264
05940,281,264
05956,281,264
05963,281,264
05978,281,264
06060,281,288
06065,281,288
06089,281,288
06210,281,292
06232,281,294
06239,281,-
06244,281,296
06262,281,296
06306,-,296
06356,301,296
06379,301,296
06483,301,304
06677,301,304
06709,301,304
06734,-,310
06740,-,311
06755,-,312
06761,-,313
06829,-,316
06838,-,318
06844,-,319
06850,-,320
06865,321,-
06866,321,322
06871,321,323
06880,321,323
06915,321,325
06942,321,325
06951,321,325
06974,321,325
07005,321,325
07107,321,325
07147,321,-
07154,321,340
07161,321,341
07185,321,341
07229,344,341
07240,344,-
07269,344,-
07301,344,350
07399,344,350
07406,344,350
07417,344,350
07424,344,350
07436,344,350
07572,344,350
07580,344,358
07715,344,358
07739,344,360
07753,344,-
07773,344,365
07787,344,366
07801,344,368
07818,344,369
07831,344,369
07834,344,371
07846,344,-
07850,344,373
07858,344,373
07863,344,-
07865,344,376
07906,344,377
07914,344,377
07934,344,377
07942,344,-
07944,344,-
07945,344,384
08018,344,386
08031,344,386
08039,344,386
08062,344,386
08067,344,386
08148,344,386
08225,344,386
08296,344,396
08387,344,397
08427,344,397
08572,344,397
08586,-,397
08608,-,403
08610,404,-
08615,404,406
08632,404,407
08668,404,409
08687,404,409
08692,404,409
08694,404,409
08715,404,415
08716,404,415
08720,404,417
08726,404,-
08728,404,421
08730,404,421
08735,404,421
08750,404,421
08775,404,421
08780,404,421
08793,404,427
08794,404,427
08795,404,427
08823,404,-
08825,404,-
08827,404,-
08829,404,-
08834,404,-
08843,404,-
08850,404,-
08862,404,461
08873,404,465
08887,404,465
08939,404,465
09208,404,470
09276,404,477
09286,404,478
09306,404,479
09310,404,-
09316,404,-
09329,404,-
09336,404,487
09340,404,488
09372,404,493
09403,404,493
09414,404,493
09524,404,493
09563,404,493
09609,404,493
09770,404,500
09822,404,500
09892,404,500
09913,404,500
09923,404,500
09931,404,500
09948,-,500
09965,-,511
09986,-,511
09993,514,511
10005,514,511
10006,514,511
10013,514,511
10034,514,511
10098,514,522
10250,514,524
10271,514,525
10319,532,-
10322,532,533
10334,532,533
10341,-,533
10356,-,537
10364,-,537
10374,-,537
10387,-,537
10399,-,537
10418,-,537
10436,-,537
10457,544,537
10474,544,-
10481,544,549
10486,544,-
10487,544,551
10507,544,551
10518,544,551
10541,544,551
10585,544,-
10590,544,-
10598,544,-
10641,544,560
10650,544,560
10656,544,562
10688,544,562
10689,544,562
10702,544,562
10710,544,562
10746,544,562
10771,544,562
10794,544,562
10838,544,562
10864,572,562
10869,572,562
10900,572,574
10901,572,574
10950,572,574
10961,572,574
10967,572,574
11076,572,-
11088,572,589
11098,572,589
11103,572,589
11126,572,589
11129,572,594
11167,572,594
11301,572,594
11357,572,594
11516,572,600
11604,572,600
11614,572,600
11681,572,600
11940,-,600
11996,-,605
12005,-,-
12015,-,-
12016,-,608
12024,-,-
12029,-,610
12048,-,610
12052,-,610
12058,-,615
12060,-,615
12065,-,615
12079,-,-
12083,-,621
12100,-,622
12105,-,622
12137,-,622
12144,-,626
12149,627,626
12164,627,626
12214,627,626
12236,627,626
12275,627,626
12286,627,626
12305,627,626
12317,-,626
12330,-,626
12345,-,626
12347,649,626
12358,649,626
12524,649,626
12563,649,653
12571,649,655
12586,649,658
12604,649,659
12620,649,660
12629,649,662
12667,649,662
12673,649,662
12676,649,666
12682,649,667
12689,649,-
12696,649,670
12702,649,670
12710,649,672
12724,-,672
12757,-,676
12767,-,677
12780,-,678
12830,-,678
12896,680,678
12910,680,678
12937,680,683
12991,680,684
13002,680,685
13018,680,687
13025,680,688
13158,680,688
13208,680,688
13214,680,688
13383,680,694
13416,695,694
13420,696,694
13426,696,694
13455,-,694
13471,-,694
13484,706,-
13486,706,-
13492,710,-
13495,710,-
13501,710,-
13513,710,-
13519,710,-
13538,710,-
13547,710,720
13559,710,720
13563,710,720
13567,710,720
13574,710,720
13579,710,720
13589,710,720
13614,710,727
13623,710,727
13645,732,-
13648,732,-
13652,732,-
13654,732,-
13668,732,737
13684,-,737
13689,-,737
13691,-,737
13701,-,-
13703,-,-
13706,-,748
13718,-,-
13720,-,-
13723,-,753
13732,-,753
13733,-,753
13741,-,753
13746,-,753
13751,-,753
13762,-,753
13766,-,753
13768,-,753
13776,-,753
13781,-,753
13784,-,753
13791,-,753
13799,-,753
13810,-,782
13812,-,782
13850,-,784
13854,-,-
13896,-,-
13900,788,-
13906,789,-
13909,789,-
13922,788,-
13929,789,-
13941,789,-
13955,788,-
13964,789,800
13978,-,800
13995,-,-
13996,-,803
14007,-,805
14019,-,809
14023,-,-
14024,-,811
14034,-,813
14038,-,813
14042,-,815
14048,-,815
14055,-,815
14064,-,-
14065,-,-
14072,-,823
14076,-,-
14077,-,-
14082,-,-
14083,-,829
14086,-,829
14095,-,829
14111,-,829
14112,-,829
14136,-,829
14146,-,829
14172,-,829
14189,-,829
14192,-,829
14196,-,829
14217,-,829
14219,-,829
14230,-,829
14329,-,829
14356,829,-
14367,849,-
14388,849,-
14392,-,-
14423,-,-
14429,-,-
14436,-,-
14438,-,-
14450,860,-
14471,861,-
14485,861,863
14509,861,863
14558,861,-
14565,-,-
14580,-,-
14592,-,-
14597,877,-
14599,877,-
14623,877,-
14628,877,-
14635,877,-
14649,877,-
14657,884,-
14667,885,-
14672,-,-
14687,889,-
14690,889,-
14712,893,-
14717,894,-
14741,894,-
14752,894,-
14766,894,-
14770,894,-
14835,894,902
14855,894,902
14879,905,902
14927,905,902
14978,905,902
14989,905,902
15025,905,-
15051,905,913
15066,905,913
15076,905,913
15210,905,913
15234,905,913
15253,905,913
15296,905,913
15314,905,913
15333,905,913
15361,905,927
15382,-,927
15422,-,-
15424,-,-
15448,-,-
15463,-,938
15482,-,938
15493,-,938
15510,-,938
15520,-,938
15546,946,938
15551,946,938
15565,946,938
15686,946,938
15718,946,938
15792,946,938
15842,959,938
15860,959,938
15921,959,-
15932,959,-
15940,973,-
15944,973,-
15953,976,-
15973,978,-
15982,978,-
16058,978,-
16071,978,983
16096,-,983
16110,986,983
16167,987,983
16175,988,983
16182,989,983
16203,-,-
16206,992,-
16211,993,-
16247,994,-
16274,997,-
16293,997,-
16305,997,1001
16306,997,1001
16350,997,1006
16363,997,1007
16395,997,1007
16511,997,1007
16523,997,1007
16529,997,1007
16555,1013,1007
16616,1013,1007
16628,1013,1007
16649,1017,1007
16655,1017,1007
16686,1017,1007
16691,1017,1007
16704,1017,1007
16799,1017,1007
16804,1017,1007
16814,1017,1007
16815,1017,1007
16835,1017,1007
16851,1017,1007
16858,1017,1007
16872,1017,1007
16883,1017,1007
16966,1017,1007
16990,1017,1007
17003,1017,1007
17013,1017,1007
17019,1017,1007
17057,1017,-
17167,1017,-
17184,1017,1046
17211,1017,1046
17218,1017,1046
17230,1017,1046
17369,1017,1051
17439,1017,1052
17446,1017,1053
17468,1017,1053
17645,1057,1053
17742,1057,1053
17750,1057,1053
17765,1057,1053
17786,1057,-
17796,1057,1063
17813,1057,1064
17815,1057,1065
17840,1057,1066
17852,1057,1067
17856,1057,1067
17862,-,1067
17864,1071,1067
17868,1071,1067
17883,1071,1067
17923,1071,1067
18042,1071,1067
18095,1071,-
18154,1071,-
18163,1071,1086
18184,1071,1086
18203,1071,1086
18354,1094,1086
18358,1095,1086
18380,1095,1086
18391,1095,1086
18403,-,-
18432,-,1105
18435,1106,1105
18471,1106,1105
18479,1106,-
18499,1110,-
18645,1113,-
18649,1113,1114
18669,1113,1114
18697,1113,1116
18782,1113,-
18846,1113,1118
18893,1113,1118
19051,1123,1118
19070,1126,1118
19111,1129,1118
19127,1129,-
19129,1129,-
19151,1135,-
19158,1137,-
19164,1138,-
19183,1140,-
19188,-,1141
19196,1142,1141
19203,1142,1141
19260,1142,-
19334,1142,1146
19357,1142,1146
19510,1150,1146
19579,1150,1146
19586,1150,1146
19705,1150,-
19748,1150,1156
19765,1150,1156
19893,1150,1156
19937,1160,1156
19952,1161,1156
19979,1161,1156
20004,1161,-
20010,1161,-
20035,1161,1156
20056,1161,-
20115,1161,-
20119,1161,1176
20123,1161,1177
20139,1161,1177
20257,1161,1177
20482,1183,1177
20490,1184,1177
20507,-,1177
20512,1188,1177
20525,1188,1190
20559,1191,-
20560,1191,1192
20571,1193,1192
20574,1193,-
20616,1193,-
20621,1193,-
20654,1193,1198
20671,1193,1198
20695,1200,1198
20696,1200,1198
20722,1203,1198
20784,1203,-
20803,1203,-
20831,1203,1207
20849,1203,1207
20874,1203,1207
20897,1203,1207
20943,1203,1207
20975,1203,1207
20988,1203,1207
21002,1203,1207
21009,1203,1207
21052,1203,-
21062,1203,-
21110,1203,-
21118,1203,-
21128,1203,-
21129,1203,-
21140,1203,-
21144,1203,-
21151,1203,-
21156,1241,1226
21163,-,1226
21165,1243,1226
21175,1246,1226
21180,1247,1226
21196,-,-
21200,-,-
21209,1252,-
21230,1253,-
21250,1253,-
21264,1253,-
21304,1253,-
21355,1253,1262
21371,1253,1262
21420,1264,1262
21488,1264,-
21524,1264,-
21565,1264,1268
21572,1264,-
21589,1264,1270
21593,1264,1271
21623,1264,1271
21758,1264,1271
21785,1264,1274
21791,1275,1274
21816,1277,1274
21821,1279,1278
21826,1280,1278
21854,-,-
21887,-,1284
21919,-,1284
21933,1288,1284
21969,1289,1284
22001,-,-
22007,1292,-
22016,1293,-
22054,1295,-
22064,1296,-
22108,1296,-
22118,1296,-
22132,1300,-
22142,-,-
22143,-,-
22158,-,1291
22164,1306,1291
22176,1306,1291
22233,1306,1291
22248,1306,-
22249,1306,1311
22278,1306,1311
22284,1306,1311
22301,1306,1311
22318,1306,1311
22336,1306,1311
22352,1306,1311
22370,1306,1311
22376,1306,1311
22387,1306,1311
22400,1306,1311
22407,1306,1311
22449,-,1311
22453,1327,1311
22457,1327,1311
22477,1327,1311
22544,1331,1311
22545,1331,1311
22575,1331,-
22623,1331,1334
22642,1331,1335
22649,1331,1335
22853,1331,1335
22869,-,1335
22880,-,1335
22883,1349,1335
22892,1349,1335
22905,1349,1335
22922,1349,1335
22923,1349,1335
22933,1349,1335
22945,1349,1335
22976,1349,1335
22987,-,1335
22989,-,1335
22995,-,1335
23004,-,1335
23011,-,1335
23023,1369,1335
23034,1372,1335
23044,1373,1335
23056,1373,1335
23069,1373,-
23105,1376,-
23120,1377,-
23138,1379,-
23166,1379,1380
23182,1379,1380
23193,1379,1380
23202,1379,1380
23207,1379,1380
23216,1379,1380
23224,1379,1380
23230,1390,1380
23239,1390,1380
23329,1390,1393
23386,1390,1394
23390,1390,1394
23490,1390,1394
23509,1390,1394
23521,-,1394
23525,1399,1394
23529,1399,1394
23554,1403,1394
23609,1403,1394
23630,1403,1394
23637,1403,1394
23646,1403,1394
23656,1403,1394
23661,1403,1394
23672,1403,1394
23687,1415,1394
23714,1415,-
23718,1415,-
23741,1418,-
23746,1420,-
23747,1420,-
23779,1423,1422
23794,1423,1422
23806,1423,1422
23809,1423,1422
23827,1423,1422
23845,1423,1422
23866,1423,1422
23875,1423,1422
24003,1423,1440
24015,1442,1440
24026,1444,1440
24043,1444,1440
24074,1444,-
24113,1454,-
24115,1454,-
24121,1454,-
24142,1454,1459
24161,1454,1459
24173,1454,1459
24186,-,1465
24187,1466,1465
24242,1466,1465
24248,1466,1465
24259,1466,1465
24262,1466,1465
24274,1466,1477
24329,1466,1477
24360,1466,1477
24364,1466,1477
24373,1466,1477
24458,1486,1477
24502,1488,1477
24525,1488,1477
24536,1488,1490
24565,1488,1490
24570,1488,1490
24707,1488,1490
24713,1488,1490
24722,1488,-
24740,1496,-
24766,1496,1498
24782,1496,1498
24792,1496,1498
24804,1496,1498
24818,1496,1498
24824,1496,1498
24834,1496,1498
24840,1496,1498
24883,1496,1498
24986,1514,1498
24993,1515,1498
25027,1515,1518
25050,1515,-
25058,1515,-
25083,1527,-
25107,1532,-
25112,1533,-
25164,1533,-
25270,1533,1537
25293,1533,1537
25315,1541,1537
25321,1542,1537
25350,1543,1537
25422,1543,-
25445,1543,-
25514,1543,1546
25592,1543,1546
25707,1543,1546
25711,1554,1546
25730,1555,1546
25733,1555,1546
25745,1557,1546
25788,1557,-
25789,1557,-
25792,1557,-
25803,1557,-
25838,1557,1568
25852,1557,1568
25876,1557,1568
25918,1557,1568
25930,1557,1568
25981,1578,1568
26015,1578,1568
26029,1578,1568
26049,1583,1568
26075,1584,1568
26102,1586,1568
26156,1587,1568
26159,1587,1588
26194,1587,-
26202,1587,-
26213,1587,-
26225,1587,-
26249,1587,-
26274,1599,-
26278,1599,-
26292,1602,-
26298,1602,-
26314,1604,-
26318,-,-
26319,1607,-
26336,1607,-
26341,-,-
26344,1612,-
26350,1613,-
26354,1613,-
26365,1616,-
26366,1616,-
26376,1618,-
26378,1618,-
26383,1618,-
26391,1618,-
26394,1618,-
26400,-,-
26406,-,-
26419,1627,-
26421,1627,-
26440,1632,-
26453,1634,-
26462,1636,-
26467,1636,-
26468,-,-
26476,-,-
26477,1642,-
26485,1642,-
26500,1642,-
26513,1642,-
26534,1642,-
26547,1655,-
26550,1655,-
26552,1655,-
26557,1655,-
26567,1661,-
26582,1661,-
26584,1661,-
26605,1661,-
26606,1661,-
26613,1661,-
26621,1661,-
26632,1661,-
26634,1674,-
26653,1674,-
26656,1674,-
26670,1674,-
26679,1674,-
26683,1683,-
26687,1683,1684
26695,1683,1684
26709,1683,1686
26714,-,-
26715,1688,1689
26717,1688,-
26725,1688,1691
26730,1688,1692
26746,1688,1694
26751,1688,1694
26756,1688,1694
26777,1699,-
26783,1699,-
26793,1699,1701
26831,1699,1707
26842,1699,1708
26853,-,1710
26857,-,1712
26863,1715,1714
26869,1715,1714
26875,1718,1714
26881,1718,1714
26928,1721,1714
26936,-,1714
26956,-,1714
26966,-,1714
26970,-,1714
26976,-,1714
26997,1728,1714
27014,1728,1714
27020,1728,1714
27023,1728,1714
27071,1728,1714
27079,1728,1714
27178,1728,1714
27212,1728,1714
27217,1728,1714
27365,1728,1714
27387,1728,1714
27392,1728,1714
27486,1728,1714
27492,1728,1714
27518,1750,1714
27572,1750,1751
27872,1750,1755
27878,1750,1756
27889,1750,1757
27911,1750,1758
27948,1750,-
27949,1750,1760
27953,1761,1760
27987,1761,1760
28017,1761,1770
28024,1761,1771
28065,1761,1773
28079,1761,1776
28094,1761,1777
28154,1761,1779
28184,1761,1780
28232,1761,1780
28239,1761,1780
28345,1761,1783
28373,1761,1784
28474,1761,1784
28478,1761,1784
28524,1761,1788
28531,1761,-
28534,1761,1791
28557,1761,1795
28576,1761,1796
28611,1761,1796
28622,1761,1802
28636,1761,1802
28642,1761,1802
28674,1761,1807
28678,1761,1808
28747,1761,1809
28750,1761,-
28754,1761,1811
28762,1761,1813
28915,1761,1816
28923,1761,1817
29207,1761,1818
29217,1761,1819
29226,1761,1820
29371,1761,1823
29418,1761,1824
29422,1761,1825
29451,1761,1825
29461,1761,1825
29477,1761,1828
29508,1761,1829
29527,1761,1829
29536,-,1829
29652,1833,1829
29659,1833,1834
29679,1833,1834
29692,1833,1836
29699,1833,1838
29701,1833,1838
29706,1833,1840
29718,1833,1842
29768,1833,1842
29841,1833,1842
30013,1833,1848
30222,1849,1848
30287,1849,1850
30371,1849,1852
30406,1849,1853
30413,1854,-
30429,1854,1858
30432,1854,1858
30440,1854,1860
30456,1854,-
30465,1854,1865
30470,1854,1865
30479,1854,1867
30575,1868,1867
30635,1868,1867
30898,1868,1870
30925,1868,1872
30946,1868,1874
30958,1868,1875
30969,1868,1877
30991,-,1877
31029,-,1879
31036,-,1880
31054,-,1881
31058,-,1882
31179,1883,1882
31197,1883,1882
31242,1883,1886
31263,1883,1887
31270,1883,1888
31371,1883,1889
31537,1883,-
31563,1883,1897
31569,1883,-
31573,1883,1900
31590,1883,1901
31598,1883,1901
31620,-,1901
31641,-,1901
31702,-,1901
31717,1910,1901
31741,1910,1901
31748,-,1901
31750,1914,1901
31779,1914,1916
31822,1914,1919
31871,1914,1920
31881,1914,1921
31890,1914,1922
31903,1914,1924
31908,1914,1925
31989,1914,1927
32004,1914,1927
32029,1914,1927
32065,1914,1927
32076,1914,1935
32082,1914,1936
32098,1914,1937
32101,1914,1937
32122,1914,1937
32153,1914,1937
32190,1914,1937
32238,1914,-
32252,1914,1947
32344,1914,1947
32353,1914,1947
32378,1914,1947
32468,1914,1947
32504,1914,1947
32508,1914,1947
32652,1914,1966
32702,1914,1966
32733,1968,-
32791,1968,1969
32801,1970,1969
32851,1970,1969
32971,1970,1972
33067,1970,1972
33131,1970,1972
33163,1970,1972
33195,1970,1972
33266,1970,1978
33364,-,1978
33394,-,1980
33398,-,1981
33412,-,1982
33418,-,1983
33439,-,1984
33442,-,1984
33462,-,1984
33470,-,1984
33495,-,1984
33498,-,1984
33505,-,-
33510,-,1991
33539,1994,1991
33553,1994,1991
33578,1996,1991
33611,1996,1991
33635,1996,1991
33671,1996,1991
33676,1996,2000
33688,1996,2000
33701,1996,-
33708,1996,-
33714,1996,2005
33722,1996,2005
33729,1996,2008
33735,1996,2008
33740,1996,2012
33749,1996,2012
33809,1996,2012
33874,1996,2012
33887,1996,2012
33943,1996,2012
33972,1996,2012
33980,1996,2012
33990,1996,2012
34003,1996,-
34059,1996,-
34061,1996,2034
34092,2036,-
34097,2036,2037
34106,2038,-
34107,2038,2039
34182,2038,2039
34188,2038,2039
34193,2038,2042
34230,2038,-
34250,2038,2046
34254,2038,2047
34266,2038,2048
34272,2038,2049
34287,2038,-
34289,2038,2051
34297,2038,-
34298,2038,2053
34305,2038,2055
34313,2038,2055
34336,2038,2055
34397,2038,2055
34425,2038,2055
34448,2038,2055
34455,2061,2055
34459,2062,2055
34482,2062,2055
34486,2062,2055
34499,2062,-
34503,2062,-
34517,2062,2072
34520,2062,2072
34538,-,2072
34562,2074,2072
34568,2078,-
34587,2078,2081
34596,-,2081
34616,-,2081
34621,2084,2081
34631,2084,2085
34640,2084,2086
34650,2084,2088
34667,2084,2089
34710,-,2091
34723,-,2093
34783,-,2094
34789,-,2095
34944,-,2096
34949,2097,2096
34965,2097,2098
34973,2097,-
34987,2097,2103
34993,2097,2104
35165,2097,2105
35167,2097,2105
35173,2097,2105
35384,2097,2108
35419,2097,2108
35425,2097,2108
35432,2097,2108
35464,2097,2114
35477,2097,2114
35503,2097,2116
35582,2097,2116
35617,-,2116
35679,2119,2116
35737,2122,2116
35950,2122,2123
35984,2122,2126
35998,2122,2129
36017,2122,2132
36044,2122,2133
36063,2122,2134
36091,-,2136
36096,-,2136
36141,2138,2136
36153,2138,2136
36182,2138,2140
36199,2138,2141
36361,2138,2142
36437,2138,2143
36464,2138,2144
36497,2138,2145
36543,2138,2145
36767,2138,2145
36778,2138,2145
36795,2138,2151
36820,2138,2151
36833,2138,2151
36838,2138,2156
36846,2138,2156
36895,2138,2156
37036,-,2156
37199,2162,2156
37212,2162,2156
37216,2162,2156
37468,2162,2156
37497,2162,2156
37765,2167,2156
37810,2167,2156
37842,2167,2169
37849,2167,2170
37860,2167,2170
37950,2167,2174
38122,2167,2174
38361,2167,2180
38376,2167,2182
38417,2167,2184
38422,2167,2184
38439,2167,2189
38443,-,2189
38446,2191,2189
38458,2191,-
38496,2195,-
38497,2195,2196
38518,2195,2196
38552,-,-
38554,-,2201
38643,-,2201
38655,-,2201
38694,-,2201
38712,-,2205
38714,-,-
38716,-,2207
38729,-,2208
38742,-,2210
38749,-,2211
38773,2213,2211
38794,2213,2211
38931,2213,2211
38954,2213,2211
38974,2213,-
38979,2213,2219
38997,2213,2219
39029,2213,2221
39038,2213,2222
39058,2213,2225
39192,2213,2227
39196,2213,2227
39204,2213,2229
39209,2213,2230
39214,2213,-
39227,2213,2232
39236,2213,2233
39244,2213,2235
39270,2213,2235
39271,2213,2235
39277,2213,2235
39297,-,2235
39298,-,2235
39355,-,2243
39360,2244,2243
39372,2244,2243
39426,2244,2246
39438,2244,2246
39653,2244,2248
39825,2244,2249
39863,2244,2250
39875,2244,2251
40049,2244,2252
40077,2244,2253
40094,2244,2256
40108,2244,2257
40117,-,2257
40178,2259,2257
40185,2260,2257
40216,2260,2257
40289,2267,-
40299,2267,-
40320,2271,-
40334,2271,-
40346,2275,-
40349,2275,-
40357,2275,-
40379,-,-
40381,2282,-
40396,-,-
40399,2288,-
40403,2289,-
40417,-,-
40420,2292,-
40431,2293,-
40433,2293,-
40439,-,-
40440,2298,-
40457,2299,-
40479,2299,-
40485,-,-
40492,2304,-
40493,2304,-
40499,2306,-
40501,2306,-
40502,2306,-
40514,2306,-
40543,2306,-
40553,2306,-
40603,2306,-
40675,2306,-
40688,2306,-
40714,2306,-
40717,2306,-
,2322,
40724,2306,-
,2322,
40738,2322,-
40767,2322,-
40769,2322,-
40785,2322,2331
40793,2322,2332
40795,2322,2332
40804,2322,-
40824,2339,-
40825,2339,-
40832,2339,2341
40847,2339,2341
40860,2339,-
40871,2339,-
40899,2339,2347
40914,2339,2347
40918,2339,2347
40929,2339,2347
40937,2339,2351
40939,2339,-
40983,2339,-
41016,2339,-
41030,2339,-
41068,2339,2367
41072,2339,2368
41085,2339,-
41086,2339,2370
41088,2339,2370
41095,2339,2373
41102,2339,2373
41104,2375,2373
41132,2375,2373
41142,2375,2373
41149,2375,2373
41194,2383,2373
41215,2383,-
41258,2385,-
41272,2387,-
41284,2388,-
41310,2390,-
41321,2391,-
41323,2391,-
41324,2391,2393
41339,2391,2393
41340,2391,2393
41351,2391,2393
41398,2391,2399
41408,2391,2399
41443,2391,2399
41455,2391,2399
41463,2391,-
41473,2391,-
41477,2391,2410
41483,2391,-
41488,-,2412
41502,-,2412
41506,2415,2412
41515,2415,2412
41521,2415,2412
41528,2415,2412
41531,2415,2412
41546,2415,2425
41556,2415,2425
41581,2415,2425
41715,2433,2425
41789,2439,2425
41828,2439,-
41831,2439,-
41864,2439,-
41865,2439,-
41875,2439,2450
41877,2439,2450
41883,2439,2450
41896,2439,-
41898,2439,2454
41968,2439,2454
42142,2458,2454
42159,2460,2454
42183,2464,-
42195,2464,2454
42196,2464,2454
42214,-,2454
42238,2470,2454
42244,2470,2471
42253,2470,2471
42268,2470,2471
42275,2470,-
42300,2470,2475
42346,2470,2477
42354,2470,2477
42367,2481,-
42372,2482,-
42411,2482,-
42479,2482,-
42541,2482,2486
42567,2482,2486
42638,2482,2489
42749,2482,2489
42774,2482,-
42790,2482,2492
42834,2482,2492
42881,2482,2492
42988,2499,2492
43064,2499,-
43166,2502,-
43180,2503,-
43197,2503,-
43205,2503,-
43251,2503,-
43262,2503,-
43270,2503,-
43319,2503,2510
43337,2503,2510
43384,2512,2510
43458,2512,-
43488,2512,2515
43520,2512,2515
43524,2512,2515
43538,2512,2515
43619,2512,2515
43633,2521,2515
43650,2523,2515
43657,2523,2515
43698,2523,-
43802,2523,2527
43886,2523,2527
43918,2523,-
43950,2523,2531
43958,2523,2533
43987,2523,2533
43998,2523,2533
44221,2523,2533
44305,2523,-
44345,2539,-
44379,2539,2540
44396,2539,2540
44486,2539,2542
44513,2539,2542
44525,2539,2544
44564,2539,2544
44602,2539,2544
44675,2539,2544
44714,2539,2544
44718,2539,2544
44737,2554,2544
44748,2554,2544
44764,2554,2544
44794,2560,2544
44806,2560,-
44879,2563,-
44925,2564,-
44941,2565,-
44962,2566,-
45011,2567,-
45035,2568,-
45055,2568,2569
45064,2568,2570
45065,2568,2570
45075,2568,2570
45101,2568,2574
45107,2568,2574
45169,2577,2574
45182,-,2574
45202,-,2580
45209,2582,2583
45221,2584,2583
45237,2584,2583
45253,2584,2583
45289,2584,2583
45337,-,2583
45341,-,2583
45363,-,2583
45370,-,2583
45371,2597,2583
45379,2599,2583
45388,2600,2583
45401,2602,2583
45421,2605,2583
45438,2605,2583
45450,2605,2583
45456,-,2583
45464,2614,2583
45476,2615,2583
45477,2615,2583
45491,2617,2583
45501,2618,2583
45503,2621,2583
45513,2621,2583
45531,-,2583
45549,2625,2583
45580,2625,-
45623,2625,-
45651,-,2630
45653,2631,2630
45663,2632,2630
45829,2632,2630
45841,2632,2630
45878,2632,-
45882,2632,-
45914,2639,-
45934,-,2641
45939,2642,2641
45997,-,2641
46017,2646,2641
46037,2648,2641
46056,2650,2641
46109,2650,-
46120,2650,2657
46179,2650,2657
46183,2650,2657
46202,2650,2657
46210,2650,2657
46222,2650,2657
46236,2650,2657
46262,2650,2657
46276,2667,2657
46285,2667,2657
46310,2667,2657
46330,2667,2657
46355,2667,2657
46411,2676,2657
46416,2677,2657
46437,2677,-
46604,2677,2680
46624,2677,2680
46686,2677,2680
46752,2677,2680
46766,2677,-
46769,2677,-
46794,2677,-
46805,2677,-
46832,2677,2691
46851,2677,2691
47035,2693,2691
47060,2696,2691
47084,2698,2691
47096,2698,-
47164,2698,2701
47169,2698,2702
47179,2698,2702
47200,2706,2702
47262,2707,2702
47313,2707,2702
47343,2707,2702
47375,2707,2710
47383,2707,2711
47391,2707,-
47393,2707,2713
47400,2707,2713
47424,2707,2713
47604,-,2713
47612,2718,2713
47743,2719,2713
47762,2720,2713
47808,2720,-
47818,2720,-
47831,-,-
47839,-,-
47848,2729,-
47864,-,-
47870,-,2734
47872,2735,2734
47884,2737,2734
47888,-,2734
47894,2740,2734
47914,2740,2741
47983,2744,2741
48003,2747,-
48006,2747,-
48015,2749,-
48033,-,-
48047,-,2752
48084,-,2752
48093,-,2752
48133,2757,2752
48216,2760,2752
48225,2761,2752
48247,2761,2762
48282,2763,2762
48301,2765,2762
48361,-,2762
48370,2769,2762
48393,2771,2770
48424,2771,-
48480,2771,-
48504,2776,-
48508,2777,-
48513,2777,2778
48515,2777,2778
48534,2777,2778
48656,2777,-
48794,2777,2786
48819,2777,2786
48930,2786,2786
48944,2791,2786
49004,2791,2786
49037,2791,-
49111,2796,-
49115,2797,-
49138,2799,-
49157,2799,-
49178,2799,2803
49195,2799,-
49336,2799,2806
49341,-,2807
49348,2808,2807
49355,2808,2807
49380,2811,2807
49386,2811,2807
49465,2812,-
49507,2812,2814
49538,2812,2814
49669,2812,2814
49685,2812,2814
49709,2812,2814
49730,2812,2814
49740,2812,2814
49797,2812,2814
49815,2812,2814
49825,2832,2814
49893,2833,2814
50107,2833,2836
50151,2833,2836
50170,2833,2836
50365,2840,2836
50456,2840,-
50515,2840,-
50520,2843,-
50526,2844,-
50531,2844,-
50541,2844,-
50578,2844,2849
50602,2844,2849
50628,2844,2849
50643,2844,2849
50649,2844,2849
50655,2844,2849
50667,2844,-
50675,2844,-
50677,2844,2859
50717,2844,2859
50747,2844,2859
50751,2844,2859
50758,2844,2859
50764,2844,2859
50789,2844,2859
50826,2868,2859
50829,2868,2859
50838,-,2859
50844,2871,2859
50875,-,-
50876,-,2876
50885,2879,-
50889,2880,-
50910,2880,-
50991,2880,2884
51008,2885,2884
51103,2885,2884
51150,2885,2888
51259,2885,-
51329,2885,2890
51347,2885,2891
51377,2885,2891
51469,2885,2891
51528,2885,2891
51540,2885,2891
51545,2885,2891
51552,2885,2898
51594,2899,2898
51603,2899,2898
51614,2899,2898
51681,2899,2902
51776,2899,2902
51801,2907,2902
51904,2908,2902
51935,2909,2902
51964,2913,2902
51974,2915,2902
51992,2917,2902
52005,2918,2902
52011,2918,-
52016,-,-
52021,-,-
52024,2923,-
52032,2923,-
52043,2923,-
52073,2923,-
52103,2923,2928
52123,2923,2928
52163,2930,2928
52166,-,2931
52172,2933,2931
52181,-,2934
52200,2935,2934
52207,2936,2934
52325,2938,2934
52330,2939,2934
52363,2939,-
52428,2939,2942
52457,2939,2942
52500,2939,2942
52515,2939,2947
52518,2939,2947
52728,2939,2947
52762,2950,2947
52802,2951,2947
52809,2952,2947
52826,2953,2947
52854,2955,-
52855,2955,2956
52878,2955,2956
52902,2960,2956
52923,2960,2956
52935,2963,2956
52941,2964,2956
52978,2968,2956
53005,-,2956
53016,-,-
53027,2971,-
53028,2971,-
53048,2971,-
53068,2974,-
53074,-,-
53089,2976,-
53106,2979,-
53155,2982,-
53163,2984,-
53165,-,-
53184,2986,-
53188,2986,-
53199,2989,-
53200,2989,-
53217,2989,-
53227,2989,-
53240,2989,-
53250,2989,-
53266,2989,-
53273,2989,-
53284,2989,-
53287,2989,-
53299,2989,-
53313,2989,-
53393,2989,-
53397,2989,-
53424,3014,-
53456,-,-
53476,3017,-
53483,-,-
53488,-,-
53540,-,-
53543,-,-
53550,3023,-
53565,3023,-
53566,3023,-
53567,3023,-
53571,3023,-
,3028,
53575,3023,-
,3030,
53593,3030,-
53622,3034,-
53624,3034,-
53627,3034,-
53680,3034,-
53720,3034,3039
53768,3041,3039
53781,3042,3039
53835,3043,3039
53842,3044,3039
53882,3046,3039
53969,3046,3039
54064,3048,3039
54078,3049,3039
54105,3051,3039
54118,3052,3039
54131,3052,3054
54134,3052,-
54173,3052,-
54181,3052,3059
54207,3052,3059
54209,3052,3059
54244,3052,3063
54368,3052,3063
54519,3066,3063
54533,3067,3063
54551,3067,3063
54598,3070,3063
54606,3070,-
54627,3070,-
54775,3076,-
54796,3076,3077
54804,3076,3078
54811,3076,3078
54845,3081,-
54855,3082,-
54861,3084,-
54872,3085,-
54976,3085,3086
55012,3085,3086
55037,3089,3086
55046,-,3090
55061,3091,3090
55110,3091,3090
55143,3091,3090
55147,3091,3099
55207,3091,-
55213,3091,3013
55220,3091,-
55226,3091,3107
55230,3091,3107
55239,3091,3107
55250,3091,3114
55269,3091,3114
55277,3091,3114
55286,3091,3114
55290,3091,3114
55292,3091,3114
55315,3091,3114
55319,3091,3114
55327,3091,3114
55381,3130,3114
55384,3130,3114
55387,3130,3114
55388,3130,3114
55395,3130,3114
55399,-,3114
55401,3137,3114
55414,-,3114
55416,-,3114
55429,3143,3114
55436,3144,3114
55450,3144,3114
55456,3144,3114
55460,3144,3114
55465,-,3148
55474,3150,3148
55487,3150,-
55548,3150,3152
55558,3150,3152
55567,3150,3152
55637,3150,3155
55640,3150,3155
55658,3150,3157
55672,3150,-
55688,-,3160
55704,3163,-
55705,3163,-
55710,-,-
55711,3166,-
55717,-,-
55718,3169,-
55762,-,-
55768,-,-
55771,-,-
55779,3178,-
55792,-,-
55795,-,-
55805,-,-
55806,3186,-
55849,-,-
55850,3189,-
55855,3190,-
55893,3191,-
55919,3192,-
55921,3192,-
55939,3194,-
55969,3194,-
55977,3194,-
56002,-,-
56005,3204,-
56030,3206,-
56040,-,-
56061,3208,-
56072,3208,-
56077,3208,-
56080,3208,-
56095,3208,-
56099,3212,-
56104,3212,-
56109,3212,-
56123,3212,-
56124,3218,-
56127,3218,-
56132,3218,-
56141,3218,3222
56148,3223,3222
56157,3224,3222
56224,-,-
56232,-,-
56235,-,-
56251,-,-
56262,-,-
56274,-,3232
56285,3236,-
56289,3236,-
56292,3239,-
56293,3239,3240
56294,3239,3240
56297,3239,3242
56330,3239,3245
56345,-,3245
56361,-,3248
56365,-,3249
56373,-,3251
56388,-,3251
56393,-,3251
56398,3255,-
56411,3255,3258
56423,3255,-
56425,3255,3261
56455,3255,3266
56456,3255,3266
56486,3255,-
56487,3255,3269
56541,3255,3269
56578,3255,3272
56596,3255,3273
56604,3255,3273
56624,3255,3276
56638,3255,3279
56705,3255,3279
56760,3255,3279
56782,3255,3279
56789,3255,3279
56828,3255,3279
56839,3255,3279
56850,3255,3279
56867,3255,3279
56881,3255,3279
56885,3255,3294
56898,3255,3294
56964,3255,3294
56994,3255,3294
57052,3255,3294
57135,3255,3303
57146,3255,3305
57212,3255,3305
57253,3255,3305
57272,3255,3305
57299,3313,3305
57322,3313,3305
57342,3313,3305
57358,3317,3305
57477,3317,3305
57508,3317,3305
57626,3317,3324
57686,3317,3326
57691,-,3326
57768,-,3329
57836,-,3330
57840,-,3331
57903,3332,3331
57925,3332,3331
57928,3332,3334
58085,3332,3335
58139,3332,3336
58151,3332,3337
58340,3332,3341
58397,3332,3342
58428,3343,3342
58429,3343,3342
58440,3345,-
58441,3345,3346
58443,-,3346
58520,3349,-
58525,3349,3351
58543,3349,3351
58547,3349,3353
58703,3349,3354
58717,3349,3355
58732,3349,3356
58767,3349,3357
58924,3349,3358
58935,3349,3359
59019,3349,3359
59026,3349,3359
59048,3349,3359
59049,3349,3359
59102,3349,3359
59137,3349,3359
59150,3349,3359
59184,3349,3359
59205,3349,-
59206,3349,3379
59213,3349,-
59220,3349,-
59232,3349,3382
59240,3349,-
59241,3349,3384
59247,-,3386
59251,-,3386
59255,-,3388
59263,-,3389
59274,3390,3391
59279,3392,3391
59307,3392,3391
59369,3394,3391
59374,3395,3391
59734,3395,3391
59761,3395,3397
59775,3395,3401
59781,-,3402
59785,-,3402
59794,-,3405
59800,-,3406
59831,-,3407
59838,-,3408
59845,-,3409
59864,3410,3409
59871,3410,3411
59873,3410,3411
59894,3410,3413
60036,3415,3413
60297,3415,3416
60365,3421,-
60383,-,3424
60593,-,3425
60603,-,3427
60608,3428,3429
60615,3428,3430
60620,3428,3431
60627,3428,3432
60668,3428,3432
60713,3428,3432
60727,3428,3432
60733,3428,3432
60745,3428,3432
60782,3428,3432
60805,3428,3444
60831,3428,3444
60838,3428,3448
60874,3428,3448
60895,3451,3448
60903,3452,3448
60909,3452,3448
60916,3452,3448
60922,3455,3448
60923,3455,3448
60945,3455,3448
60993,3455,3461
61037,3455,3463
61047,3455,3463
61078,3455,3464
61097,3455,-
61099,3455,3469
61105,3455,-
61108,3455,3471
61131,3455,3471
61142,3455,3471
61165,3455,3471
61187,3455,3471
61195,3455,3471
61212,3455,3471
61359,3455,3486
61385,3455,3487
61404,3455,3488
61565,3455,3489
61579,3455,3490
61615,3455,3492
61626,3455,3493
61631,3455,3494
61668,3455,3495
61686,-,3495
61715,-,3497
61741,3498,3497
61755,3498,3499
61757,3498,-
61759,3498,3501
61773,3502,3501
61777,3503,3501
61820,3503,3505
61823,3406,3505
61839,3406,3507
61849,3406,3508
61928,3509,3508
61933,3510,3508
61962,3510,3508
62005,3512,3508
62047,3512,3508
62058,3512,3508
62068,3512,3508
62075,3512,3508
62154,3512,3508
62160,3512,3508
62166,3512,3508
62194,3512,3508
62222,3512,3508
62229,3512,3508
62235,3512,3508
62264,3512,-
62272,3512,3528
62304,3512,3529
62338,3512,3531
62347,3512,3531
62364,3512,3531
62374,3512,3531
62441,3512,3531
62489,3536,3531
62551,3536,3531
62572,3536,3538
62593,3536,3538
62760,3536,3538
62767,3536,3538
62775,3536,3545
62827,3536,3545
62831,3536,3545
62854,-,3545
62885,-,3551
62892,-,3551
62957,-,3551
62996,-,-
63001,-,3557
63028,3558,3557
63048,3558,3557
63143,3558,3562
63162,3558,3564
63177,3558,3565
63180,3558,3565
63196,3558,-
63198,3558,3569
63225,3558,3569
63230,3558,3569
63311,3558,3569
63361,3558,3574
63378,3558,3578
63416,-,3578
63537,3581,3578
63553,3581,3578
63559,3581,3578
63661,3581,3581
63680,3581,3585
63693,3581,3586
63716,3581,3589
63744,3581,3589
63752,3581,3589
63801,3581,3589
63811,3581,3589
63833,3581,3589
63861,3581,3599
63874,3581,-
63878,3581,3602
63906,3581,3602
63911,3581,3602
63936,3581,3602
63956,-,3611
63983,-,3613
64004,-,3613
64030,-,3613
64169,-,3623
64183,-,3625
64204,-,3627
64219,-,3630
64227,-,3631
64232,3632,-
64233,3632,3633
64241,3634,3633
64257,3634,3633
64264,3634,3633
64350,3634,3639
64418,3634,3640
64424,3634,3641
64448,3634,3644
64465,3634,3645
64548,3634,3645
64567,3634,3645
64569,3634,3645
64574,3634,3645
64575,3634,3645
64583,3634,3645
64590,3634,3645
64594,3634,3645
64600,3634,3645
64601,3634,3645
64679,3634,3665
64713,3634,3665
64716,3634,3665
64720,3634,3665
64729,3634,3665
64750,3634,3665
64759,3634,3665
64765,3634,3665
64937,3634,3678
64954,3634,3680
64956,-,-
64958,-,3682
64989,-,3683
65076,3684,3683
65094,3684,3683
65152,3686,3683
65330,3686,3688
65591,3686,3692
65603,3686,3693
65609,3686,3694
65625,3686,3698
65635,3686,3699
65666,3686,3699
65692,3686,3699
65697,3686,3699
65764,3708,-
65765,3708,3710
65778,3708,3710
65784,3708,3710
65827,3708,3713
65857,3708,3718
65876,3708,3718
65906,3708,3718
65964,3708,3718
65999,3708,3725
66004,3708,3726
66005,3708,3726
66014,3708,3728
66025,3708,3729
66031,3708,3730
66040,3708,3731
66061,3708,3733
66069,3708,3734
66095,3708,3738
66110,3708,-
66118,3708,3739
66129,3708,3739
66135,3708,3739
66136,3708,3739
66169,3708,3739
66215,3708,3739
66222,3708,3739
66227,3708,3748
66234,3708,3750
66235,3708,3750
66286,3708,3750
66448,3708,3750
66453,3708,3750
66477,3708,3756
66488,3708,3757
66494,3708,-
66495,3708,-
66498,3708,3761
66503,3708,3762
66507,3708,3762
66511,3708,-
66513,3708,3765
66526,3708,3765
66540,3708,3765
66548,3708,3765
66555,3708,3765
66592,3708,3765
66607,3708,3765
66618,3708,3765
66629,3708,3765
66641,3708,3765
66645,3708,3765
66646,3708,3765
66658,3708,3765
66665,3708,3765
66673,3708,3765
66683,-,3765
66684,-,3765
66686,3788,3765
66689,-,3765
66697,3791,3765
66701,3791,3765
66723,3787,3765
66737,3787,3765
66739,3787,3765
66758,3787,3765
66793,3787,3765
66803,3787,3765
66808,3787,3765
66817,3787,3765
66824,3787,3765
66830,3787,3765
66906,3787,3807
66950,3787,-
66955,3787,3810
66983,3787,3810
67000,3787,3810
67013,3787,3810
67017,3787,3810
67027,3787,3810
67038,3787,3810
67058,3787,3810
67262,3787,3822
67289,3787,3825
67298,3787,3827
67301,3787,-
67302,3787,3829
67320,3787,3829
67339,3787,3831
67340,3787,3831
67353,3787,3831
67488,3787,3831
67499,3787,3831
67602,3787,3845
67611,3787,3846
67621,3787,3848
67627,3787,3849
67647,3787,3850
67659,-,3850
67672,3854,3850
67694,3854,3850
67711,3854,3857
67764,3854,3858
67770,-,3858
67870,-,-
67883,-,3865
67891,-,3865
67903,-,3865
67920,-,3865
67979,-,-
67980,-,3871
67991,-,3872
68004,-,3872
68031,-,-
68037,-,-
68056,3885,-
68058,3885,3887
68059,-,3887
68061,3889,3887
68117,3889,3887
68161,-,3887
68177,-,3887
68182,-,3887
68196,-,3887
68227,-,3887
68231,-,3887
68253,-,3887
68257,-,3887
68263,-,3887
68265,-,3887
68272,-,-
68276,-,-
68279,-,3916
68283,-,3916
68339,-,3916
68347,-,3916
68359,-,3916
68374,3930,3916
68380,3930,3931
68382,3930,3931
68424,3930,3931
68563,3930,3937
68574,3930,-
68596,3930,3940
68597,3930,3940
68603,3930,-
68605,3930,3943
68606,-,3943
68608,3945,3943
68616,3945,3943
68627,3945,3949
68631,3945,-
68633,3945,-
68640,3945,-
68643,3945,3954
68667,3945,-
68669,3945,-
68672,3945,-
68675,3945,3964
68691,3945,3964
68697,3945,-
68702,3945,-
68711,3945,3975
68723,3945,3976
68728,3945,3977
68763,3945,-
68768,3995,-
68783,3995,3998
68786,3995,-
68788,3995,4000
68792,3995,4001
68801,3995,-
68805,3995,4007
68810,3995,-
68813,3995,-
68818,3995,4011
68822,3995,4011
68828,3995,4016
68852,3995,4016
68858,-,4016
68911,4022,4016
68939,-,-
68957,4026,-
68969,4026,-
68970,4026,-
68989,4026,-
68999,4026,4036
69001,4026,4036
69006,4026,4036
69043,4026,4036
69064,4041,4036
69072,-,4036
69126,4045,-
69130,4045,-
69160,4049,-
69165,-,4050
69166,4051,4050
69171,4053,4052
69172,4053,4052
69176,4053,4055
69182,4053,4055
69197,4053,4058
69201,4053,4058
69220,4053,4060
69225,4053,4061
69251,4053,4063
69267,4053,4064
69283,4053,4064
69292,4068,4064
69296,4068,4069
69313,4068,4070
69314,4068,4070
69319,4068,4070
69320,4068,4070
69397,4075,-
69416,4075,4078
69426,4075,4079
69440,4075,4079
69522,4075,4079
69577,4075,4082
69592,4075,4083
69628,4075,4083
69657,4075,4085
69665,4075,4085
69673,4075,4085
69725,4075,4085
69844,4075,4085
69856,4075,4085
69929,4075,-
69931,4075,4093
69938,4075,4094
69996,4075,4097
70008,4075,4088
70016,4075,4099
70050,4075,4099
70355,4075,4101
70367,4075,4101
70402,4075,4104
70433,4075,4105
70443,4075,4105
70456,4115,4105
70466,4115,4105
70479,4115,4105
70500,4115,4105
70512,4115,4105
70556,4115,4105
70557,4115,4105
70576,4115,-
70582,4115,4119
70587,4115,4119
70594,4115,4121
70600,4115,4121
70607,4115,4121
70611,4115,4124
70629,4115,4129
70674,4115,4129
70679,4115,4129
70693,4115,4129
70726,4135,4129
70736,4136,4129
70788,4136,4129
70818,4136,4129
70892,4136,4139
70955,4136,4141
70961,4136,4142
71012,4136,4143
71017,4136,4144
71030,-,4144
71059,-,4148
71067,-,4149
71073,-,4150
71146,4152,4150
71150,4153,4150
71154,4154,4150
71158,4155,4150
71183,4155,-
71184,4155,4157
71193,4155,4157
71224,4159,4157
71296,4159,4157
71301,4159,4157
71584,4159,4165
71697,4159,4167
71750,4159,4168
71770,4159,4169
71789,4159,4169
71794,4159,4171
71797,4159,4171
71826,4173,4171
71996,4173,4171
72317,4173,-
72323,4173,4177
72342,4173,4177
72351,4173,4177
72382,4173,4183
72387,4184,4183
72400,4184,-
72401,4184,4188
72558,4184,-
72562,4184,4190
72565,4191,4190
72566,4191,4190
72595,4191,4190
72629,4191,-
72633,4191,-
72643,4191,4197
72654,4191,4199
72662,4191,4199
72672,4191,4199
72691,4191,4199
72698,4191,4199
72709,4191,4199
72727,4191,4199
72757,4191,4199
72762,4191,4199
72768,4191,4211
72775,4191,-
72778,4191,-
72816,4191,-
72828,4191,4217
72836,4191,4217
72892,4191,4217
72927,4191,4223
73020,4191,4223
73049,4191,4223
73068,4191,4223
73130,4191,4233
73137,4191,4233
73157,4191,4237
73206,4239,4237
73217,-,4241
73219,-,4241
73224,-,-
73240,-,-
73242,-,4247
73247,-,4248
73253,-,4248
73254,4250,4248
73259,4251,4248
73292,4257,4248
73299,4259,4248
73303,4259,4260
73330,4263,-
73340,-,-
73341,4265,-
73345,4266,-
73355,4267,-
73370,-,-
73382,4272,-
73415,-,-
73419,4280,-
73426,4281,-
73444,4283,-
73505,4283,-
73510,4286,-
73512,4286,-
73518,4288,-
73520,4288,-
73551,4290,-
73564,-,-
73575,-,-
73595,4299,-
73601,4299,-
73608,4299,-
73623,4299,-
73627,-,-
73630,4307,-
73639,4307,-
73640,4307,-
73656,4307,-
73661,4307,-
73662,4307,-
73668,4307,-
73672,4307,-
73692,4307,-
73707,4307,-
73728,-,4307
73733,-,4307
73745,-,4307
73746,-,4307
73749,-,4307
73751,-,4307
73756,-,4307
73762,-,4307
73777,-,4307
73804,-,4307
73817,-,4307
73819,-,4307
73822,-,4307
73826,-,-
73827,-,4343
73828,-,4343
73837,-,4343
73855,-,4343
73900,-,4343
73901,-,4343
73911,-,4343
73914,-,4343
73922,-,4343
73935,-,4343
73937,-,4343
73961,-,4343
73965,-,4343
73970,4369,-
73978,4373,-
73982,4375,-
74008,4375,-
74021,4375,-
74025,4375,-
74031,4381,-
74032,4381,-
74036,-,-
74044,-,-
74045,-,-
74047,4387,-
74050,4387,-
74054,-,-
74055,4393,-
74105,-,-
74107,4398,-
74111,-,-
74130,4402,-
74139,4402,-
74153,4402,4406
74197,4402,4406
74220,-,4406
74231,-,4406
74242,4410,4406
74247,4410,4406
74253,4410,4406
74264,4410,4406
74288,4418,4406
74298,4418,4419
74300,4418,4419
74314,-,4419
74329,4423,4419
74357,4423,4419
74376,-,4426
74379,-,4426
74419,4432,4426
74474,4432,4433
74577,4435,4433
74582,4435,4433
74588,-,4433
74600,4438,4433
74606,4439,4433
74644,4439,4433
74668,4439,4433
74704,4439,4433
74706,4439,-
74710,4439,4446
74722,4439,-
74729,4439,-
74730,4439,-
74750,4439,-
74769,4439,4454
74775,4439,4454
74799,4439,4454
74806,4439,4454
74897,4439,4454
74949,4439,4454
74956,4439,4454
74960,4439,4454
75062,4464,4454
75068,4465,4454
75074,4465,4454
75081,4465,4454
75137,4465,4454
75141,4470,4454
75194,4471,-
75205,4471,4472
75239,4471,4472
75295,4471,4472
75307,4471,4475
75330,4471,4476
75368,4471,4477
75410,4471,4477
75433,4471,4477
75438,4471,4477
75466,4471,4477
75473,4471,4477
75484,4471,4477
75497,4471,4477
75508,4471,4477
75516,4471,4477
75531,4471,4477
75561,4471,4477
75575,4471,4477
75616,4493,4477
75629,-,4477
75635,4497,4477
75654,4497,4477
75675,4497,4477
75695,4502,4477
75757,-,-
75773,-,-
75783,-,-
75789,4509,-
75834,4509,4511
75838,4512,4511
75854,4512,4511
75892,4512,4511
75898,4512,4511
75933,4515,4511
75976,4518,4511
75986,4518,4511
76117,4523,4511
76178,-,4511
76202,4529,4511
76205,4529,4511
76237,4531,4511
76248,4533,4511
76254,4533,4511
76269,4533,4511
76271,4533,4511
76288,4538,4511
76302,4539,4511
76307,4540,4511
76311,4540,4511
76315,4540,4511
76329,4540,4511
76349,4540,4511
76400,4540,4511
76403,4540,4511
76407,4540,4511
76410,4540,4511
76419,4540,4511
76424,4540,4511
76433,4540,4511
76465,4540,4558
76488,4540,4558
76498,4540,4558
76508,4540,4558
76515,4540,4558
76528,4540,4558
76537,4540,4571
76559,4540,4572
76572,4540,4576
76579,4540,4576
76594,4540,4576
76631,4540,4576
76639,4540,4576
76776,4582,4576
76783,4583,4576
76796,4583,4576
76824,4583,-
76834,-,-
76841,4590,-
76843,-,-
76851,-,-
76852,4594,-
76860,4594,-
76863,4594,-
76869,4594,-
76891,4594,-
76948,4594,-
76957,4594,-
76974,4594,-
76985,4594,-
77017,4594,-
77024,4594,-
77030,4594,-
77036,4594,-
77042,4594,-
77048,4616,-
77060,4618,-
77094,4620,-
77163,4620,4621
77192,4620,4621
77239,4620,4623
77321,4620,4624
77323,4620,4624
77508,4626,4624
77525,4627,4624
77631,4627,4624
77766,4629,4630
77805,4629,4630
77862,4629,4630
77890,4629,4630
77898,4629,4639
77942,4629,4639
77944,4629,4639
77948,4629,4639
77954,4629,4639
77957,4629,4639
77962,4629,-
77964,4629,4647
78013,4629,4647
78060,4629,4647
78121,4629,4647
78142,4629,4652
78167,4629,4652
78254,-,4652
78255,4657,4652
78271,4659,-
78338,4662,-
78348,4663,-
78369,4664,-
78378,4666,-
78434,4666,-
78446,-,-
78448,4670,-
78453,-,-
78460,4674,-
78464,4674,4675
78467,4674,4675
78477,-,4678
78478,4670,4678
78483,4680,4678
78489,4680,4678
78498,4680,4678
78504,4680,4678
78518,4687,4678
78598,4689,4678
78633,4689,4678
78693,4689,4693
78696,4689,4693
78753,4689,4693
78897,4699,4693
78908,4700,4693
78979,4700,4693
78991,4700,-
78994,4700,4704
78999,4700,4705
79023,4700,4706
79085,4700,4706
79104,4700,4706
79256,-,4706
79270,4710,4706
79271,4710,4706
79284,-,4706
79301,-,4706
79333,-,4706
79341,-,4706
79350,-,4706
79381,4723,4706
79389,4724,4706
79394,4725,4706
79497,4728,4706
79596,4730,4706
79621,4730,4706
79631,4730,4706
79649,4730,4733
79667,4730,4733
79692,4730,4733
79735,4730,4733
79805,4730,4746
79809,4730,4747
79828,4730,4749
79854,4730,4749
79878,4730,4749
79901,4730,4752
79917,4730,4753
79935,4730,4754
79965,4730,4754
80002,4730,4754
80014,4730,4754
80216,4730,4754
80291,4730,4754
80334,-,4754
80337,-,4754
80343,4766,4754
80349,4767,4754
80356,4767,4754
80362,4767,4754
80430,4767,4754
80509,4767,4754
80571,4767,4754
80591,4767,4754
80595,4767,4754
80605,4767,4781
80653,4767,4782
80689,4767,-
80692,4767,4784
80700,4767,4785
80772,4767,4785
80903,4792,4785
80966,-,4785
81021,-,4785
81034,-,4785
81041,4801,4785
81133,4801,4785
81139,4801,4785
81157,4801,-
81164,4801,-
81190,4801,-
81227,4801,4814
81235,4801,4814
81261,4801,4814
81291,4801,4814
81320,4801,4814
81326,4801,4814
81365,4801,4814
81372,4801,4814
81390,4801,4814
81419,4801,4814
81448,4801,4814
81467,4801,4814
81480,4801,4814
81617,4834,4814
81629,4835,4814
81648,4837,4814
81746,4837,4814
81762,4837,4814
81841,4841,-
81880,4841,4842
81920,4841,4842
82031,4841,4842
82036,4841,4846
82087,4841,4846
82094,4841,4846
82133,4841,4846
82155,4841,4846
82173,4841,4846
82180,4841,4846
82221,4841,4846
82237,4841,4846
82243,4841,4846
82247,4841,4846
82265,4841,4846
82278,4841,-
82302,4841,-
82309,4841,4869
82326,4841,4869
82345,4841,4869
82506,4841,4869
82557,4841,4875
82626,4841,4875
82639,4841,4875
82790,-,4879
82792,4880,4879
82806,4881,4879
82822,4882,4879
82841,4882,-
82885,-,4884
82896,-,-
82897,-,4886
82901,4888,4886
82909,4889,4886
82915,4890,4886
82946,4890,4886
82967,4893,4886
83003,-,4886
83013,4895,4886
83049,4899,-
83055,4900,-
83194,4900,4901
83208,4900,4902
83224,4900,4902
83227,4904,4903
83237,4904,-
83239,4904,4906
83324,4904,4907
83328,4904,4908
83349,4904,4910
83360,4904,4911
83370,4904,4911
83412,4904,4911
83607,4913,4911
83633,4913,4911
83830,4916,4911
83842,4916,4911
83934,4916,4918
83953,4916,4919
83968,4916,4920
84034,4916,4920
84046,4916,4920
84055,4916,4920
84138,4916,4920
84235,4916,4920
84256,4916,-
84269,4916,4933
84285,4916,4933
84290,4916,4933
84311,4916,4933
84329,4916,4933
84338,-,4933
84350,4941,-
84359,4941,-
84376,4941,-
84382,4941,-
84392,4941,-
84401,4941,4950
84448,4941,4950
84459,4941,4952
84514,-,-
84516,-,-
84523,-,-
84525,-,-
84527,-,4960
84534,-,4960
84540,-,4960
84542,-,4960
84545,4966,4960
84547,4966,4960
84552,4966,4960
84588,4966,4960
84610,4966,4960
84636,4966,4960
84657,4966,4960
84660,4966,4974
84880,4966,4977
84938,4966,4977
85086,4982,4977
85104,4982,4977
85121,4982,4977
85143,4986,-
85158,4986,-
85222,4987,4988
85240,4991,4988
85312,4991,4988
85316,4991,4988
85357,4991,4988
85362,4991,4988
85388,4991,4988
85446,4991,4988
85593,5000,4988
85597,5001,4988
85626,-,4988
85652,5006,4988
85683,5006,4988
85711,5008,-
85743,5009,-
85880,5009,5010
85904,5009,5010
85907,5009,5012
86010,5009,5012
86041,5009,5012
86091,5009,5015
86115,5009,5016
86121,5009,5017
86139,5009,5017
86185,5009,5017
86237,5009,5017
86284,5009,5017
86333,5023,5017
86357,5023,5017
86367,5023,5017
86589,5023,5027
86598,5028,5027
86612,5029,5027
86623,5029,5027
86648,5029,5033
86676,5034,5033
86764,5034,5033
86804,5034,5038
86826,5034,5039
86845,5034,5039
87061,5034,5041
87072,5034,-
87127,5044,-
87136,5045,-
87159,5047,-
87206,5047,-
87240,5049,-
87293,5049,5051
87305,5052,-
87383,5053,-
87402,5056,-
87411,5057,-
87453,5058,-
87462,5058,-
87463,-,5060
87465,5061,5060
87473,5061,5060
87479,5061,5063
87499,5061,5063
87514,5061,5063
87517,5061,5068
87525,5069,5068
87639,5069,5068
87702,5069,5071
87707,5069,5072
87723,5069,5072
87733,5069,5074
87737,5069,5075
87743,5069,5076
87753,5069,5076
87763,5069,5076
87828,5069,5076
87837,5069,5076
87997,5083,5076
88005,5084,5076
88016,5084,5076
88027,5084,5076
88060,5088,-
88074,5089,-
88189,5089,5090
88193,5089,5091
88197,5093,5092
88217,5093,5092
88226,5093,5092
88323,5093,5092
88330,5093,5092
88364,5093,5092
88392,5093,5099
88400,5093,5100
88415,5093,5100
88436,5093,5100
88473,5093,5100
88494,5093,5100
88525,5106,5100
88622,5106,5100
88639,5106,5100
88662,5106,5100
88670,-,-
88678,-,-
88682,5116,-
88690,5117,-
88702,5118,-
88729,5119,-
88734,5119,-
88742,5119,-
88750,5119,-
88755,5119,-
88756,5119,-
88764,5119,-
88774,5119,-
88781,5119,-
88792,5119,-
88795,5119,-
88798,-,-
88800,5154,-
88807,5154,-
88812,5159,-
88833,5159,-
88839,5159,-
88850,5159,-
88876,5159,-
88888,5159,-
88898,5159,-
88903,5159,-
88912,5159,-
88947,5159,-
88952,5159,-
88960,5159,-
88977,5159,-
89000,5159,-
89005,5159,-
89012,5159,-
89036,5159,-
89066,5198,-
89081,5198,-
89082,5198,-
89089,5198,-
89096,5198,-
89098,5198,-
89103,5198,-
89108,5200,-
89111,5208,-
89117,5211,-
89120,5211,-
89123,5211,-
89126,5211,-
89127,5211,-
89133,5211,5216
89143,5211,-
89145,5211,5220
89164,5211,-
89165,5211,5222
89179,5211,5222
89187,5211,5222
89232,5211,5222
89238,5211,5222
89261,5211,5222
89275,5211,5222
89276,5211,5222
89280,5211,5222
89302,5211,5222
89310,5211,5222
89313,5211,5222
89320,5211,5222
89323,5211,5222
89332,5211,5222
89366,5211,5222
89406,5211,5222
89469,5252,5222
89477,5254,5222
89482,-,5222
89487,-,5222
89496,-,5222
89498,5259,5222
89502,5260,5222
89505,5260,5222
89525,5260,5222
89530,5260,5222
89541,-,-
89544,5269,-
89547,5269,-
89568,5269,5274
89583,-,5274
89588,5276,5277
89596,5276,5277
89670,5276,5278
89674,-,5278
89692,-,5278
89701,5281,5278
89748,5282,5278
89763,5282,5278
89787,5282,-
89869,5282,-
89872,5282,5289
89885,5282,5289
89894,5282,5289
89895,5282,5289
89920,5282,5289
89926,5282,5289
89938,5282,-
89940,5282,-
89946,5282,-
89951,5282,-
89991,5282,-
89995,5282,-
90003,5282,-
90018,5282,-
90021,5282,5309
90033,5282,5309
90038,5282,5309
90042,5282,5309
90087,5282,5309
90093,5282,5309
90101,5282,5309
90110,5282,5309
90119,5282,5309
90121,5282,5309
90125,5282,5309
90208,5328,5309
90245,5329,5309
90272,5333,5309
90295,5336,-
90315,5338,-
90348,5339,-
90356,5340,-
90360,5341,-
90372,5341,-
90494,5341,-
90505,5341,-
90516,5345,-
90553,5345,-
90578,5345,-
90597,-,-
90602,-,-
90607,-,-
90608,5338,-
90644,-,-
90652,-,-
90671,5368,-
90678,5370,-
90681,5370,-
90689,5370,-
90696,5374,-
90713,5374,-
90721,5374,-
90731,5374,-
90740,5374,-
90745,5374,-
90762,5374,-
90771,5374,-
90784,5374,-
90786,5374,-
90804,5374,-
90833,5374,-
90847,5374,-
90857,5374,-
90864,5374,-
90868,5374,-
90871,5374,-
90874,5374,-
90878,5374,-
90896,5374,-
90902,-,-
90911,5402,-
90913,5402,-
90926,5402,-
90941,5406,-
90944,5406,-
90954,-,-
90963,-,5411
90973,-,5412
90975,-,5412
90996,-,5415
91001,-,5415
91008,5417,5416
91032,-,5416
91061,-,5416
91083,-,5416
91107,-,5423
91114,-,5423
91128,-,5425
91138,-,5425
91168,-,5425
91184,5430,5425
91191,5430,-
91224,5430,5432
91342,5430,5436
91360,-,5436
91397,-,5441
91433,-,5443
91438,-,5444
91490,5445,5444
91506,5445,5444
91512,5447,5444
91653,5447,5444
91704,5447,5449
91822,5447,5449
91851,5447,5449
91882,5447,5449
91910,5447,5449
91939,5447,5449
91965,5447,5449
91986,5447,-
91988,5447,5464
92023,5447,5464
92058,5447,5467
92094,5447,5469
92103,5447,5471
92105,5447,5471
92126,5447,5473
92131,5447,5474
92279,5447,5475
92292,5447,5476
92307,5447,5478
92313,5447,5479
92599,5447,5482
92623,5447,5484
92632,-,5484
92765,5487,5484
92778,5487,5484
92819,5487,5489
92891,5491,5489
92941,5491,5492
92951,5491,5493
92995,5491,5494
93187,5491,5495
93216,5496,5495
93240,5496,5498
93309,5496,5498
93316,5496,5498
93326,5496,5498
93341,-,5503
93342,5504,5503
93430,5504,5503
93611,5504,5512
93630,5504,5513
93653,5504,5515
93658,5504,5516
93792,5504,5516
93812,5504,5516
93821,5504,5516
93838,5504,5516
93935,5504,5528
93942,5504,5530
93943,5504,5530
93944,5504,5530
93949,5504,5533
93960,5504,-
93964,5504,5535
93985,5504,5535
93994,5504,5535
94002,5504,5538
94108,5504,5541
94160,-,5543
94162,5545,5543
94181,5545,5543
94211,5545,5543
94289,5545,5543
94321,5545,5543
94357,5545,-
94360,5545,5550
94368,5545,5550
94409,5545,5550
94673,5545,5557
94686,5545,5559
94702,5545,5560
94716,5545,5561
94725,5545,5562
94765,-,5562
94793,-,-
94794,-,5568
94812,-,5569
94825,5570,5569
94830,5571,5569
94833,5571,5569
94854,5571,5573
94877,5571,5574
94897,5571,5576
94915,5571,5577
94919,5571,5578
95003,5571,5578
95055,5571,5583
95075,5571,5584
95249,5585,5584
95324,5585,5586
95374,5585,5588
95403,5585,5590
95413,5585,5591
95455,5585,5592
95477,5585,5593
95485,5594,5593
95519,5596,5593
95523,5596,5593
95534,5596,5593
95602,5596,5599
95658,-,5599
95716,-,5602
95725,-,5603
95748,-,5608
95853,5609,5608
95868,5609,5608
95894,5609,5612
95940,5609,5612
96015,5614,5612
96051,5614,5615
96058,5614,-
96061,5614,5618
96115,5614,5619
96127,5614,5620
96205,5614,5620
96231,5614,5620
96258,5614,5620
96354,5614,5630
96359,5614,5631
96513,5614,5632
96570,5614,5634
96581,5614,5635
96607,5614,5636
96613,5614,5637
96697,5614,5638
96919,5614,5643
96941,-,5643
96953,-,5643
96957,-,5643
97000,-,5647
97015,-,5647
97030,-,5647
97043,-,5647
97054,-,5653
97061,-,5655
97085,-,5657
97095,-,5658
97112,-,5658
97121,-,5658
97133,-,5658
97154,5663,5658
97161,5664,5658
97163,5664,5658
97177,5664,5666
97232,-,5671
97233,5672,5671
97243,5674,5671
97247,5675,5671
97272,5676,5671
97313,5677,5671
97385,5678,5671
97419,-,5671
97424,5680,5671
97445,5680,-
97453,5680,-
97461,5884,-
97536,5884,5686
97545,5884,5687
97555,5884,5687
97659,5884,-
97750,5884,5690
97770,5884,5691
97794,5884,5691
97894,5693,5691
97908,5694,5691
97948,5694,-
98046,5694,5696
98058,5694,5696
98070,5694,5696
98171,5694,-
98249,5694,5700
98273,5694,5700
98452,5703,5700
98506,-,5700
98532,-,5700
98536,5708,5700
98616,5708,-
98663,5708,-
98697,5708,5711
98711,5708,5711
98715,5708,5711
98728,5708,5711
98741,5708,5711
98746,5708,5717
98772,5708,5717
98783,5708,5717
98797,5720,5717
98834,5720,-
98884,5720,-
98894,5720,-
98901,5720,-
98906,5720,5726
98945,5720,5726
99030,5720,5726
99068,5720,5726
99133,5720,5741
99152,5720,5741
99168,5720,5741
99184,5720,-
99185,5720,-
99194,5720,-
99204,5720,-
99219,5720,-
99239,5752,-
99272,5752,-
99304,5752,-
99319,5752,-
99326,5752,-
99366,5752,-
99367,5752,5761
99385,5752,5761
99390,5752,5761
99396,5767,5761
99420,5767,5761
99456,5767,5761
99468,5767,5761
99481,5767,5761
99501,5776,5761
99520,5776,-
99536,5776,-
99567,5776,-
99571,5776,-
99597,5776,5783
99618,5776,5783
99715,5776,5783
99744,5776,5783
99760,5776,5783
99833,5793,5783
99853,5797,5783
99865,5799,5783
99884,5800,5783
99933,5801,5783
99966,5802,5783
99993,5804,5783
100015,5805,5783
100036,5805,-
100161,5808,-
100227,5810,-
100241,-,5813
100244,5814,5813
100255,5816,5813
100293,5816,-
100321,5818,-
100413,5818,5820
100434,5818,5820
100551,5822,5820
100602,5824,5820
100664,5825,5820
100689,-,-
100690,5828,-
100731,5828,5829
100740,5828,5829
100756,5832,5829
100841,5833,5829
100896,5833,5829
101016,5833,-
101054,5833,-
101148,5833,5838
101169,5833,5838
101229,5833,5838
101278,5841,5838
101351,5843,5838
101429,5846,5838
101436,5846,5838
101444,-,5848
101452,-,5848
101453,5851,5848
101459,5851,5848
101465,5851,5848
101489,5851,5848
101496,5855,5848
101511,-,5848
101531,-,5848
101543,-,5848
101585,-,5848
101588,-,5848
101596,5861,5848
101603,5861,5848
101623,5861,5848
101630,5861,5848
101644,5861,5848
101654,5861,5848
101695,5861,5848
101704,5861,5848
101726,5861,5848
101796,5861,-
101873,5861,5875
101903,5861,5875
101940,5861,5875
102055,5861,5875
102063,5861,5875
102099,5883,5875
102151,5883,5875
102170,5886,5875
102194,5888,5875
102246,5890,5875
102251,5891,-
102271,5891,-
102282,5894,-
102434,5895,-
102463,5895,5897
102485,5895,5897
102549,5895,-
102650,5895,5901
102676,5895,5901
102758,5895,5901
102967,5904,5901
103043,5905,5901
103052,5906,5901
103069,5907,5901
103077,5909,5901
103114,5909,5901
103136,5911,5901
103231,-,-
103232,-,-
103249,5916,-
103251,5916,-
103259,5918,-
103262,5918,-
103270,5918,-
103272,5918,-
103283,5918,-
103287,5918,-
103288,5918,-
103292,5928,-
103299,5928,-
103300,5928,-
103325,5928,-
103344,5928,-
103357,5928,5935
103382,5928,5938
103475,5928,-
103596,5940,-
103625,5940,5941
103668,5940,5944
103691,5940,5945
103739,5940,-
103740,5940,5951
103764,5940,5951
103768,5940,5951
103806,5940,5951
103893,5956,5951
103900,5957,5951
103908,5958,5951
103938,5959,5951
103941,5959,5960
103952,5959,5961
103958,-,5961
104002,-,5961
104008,-,5961
104018,-,5961
104019,-,5961
104031,-,5961
104036,-,5961
104038,-,5961
104049,-,5961
104076,-,5961
104119,-,5961
104122,5994,5961
104123,5994,5961
104141,5994,5961
104145,5994,5961
104148,5994,5961
104159,5994,5961
104187,5994,5961
104199,5994,5961
104204,5994,5961
104208,5994,5961
104216,5994,5961
104250,5994,5961
104257,5994,5961
104263,5994,5961
104272,5994,5961
104280,5994,5961
104354,6017,5961
104355,6017,5961
104372,6021,5961
104401,6021,5961
104414,6021,5961
104430,6021,5961
104464,6021,5961
104485,6021,5961
104498,6021,6033
104525,6034,6033
104594,6034,6033
104599,6034,6033
104615,6034,6033
104646,6034,6033
104651,6040,6033
104758,6044,6033
104779,6044,6033
104784,6047,6033
104792,6047,6033
104866,6047,6033
104870,6047,6033
104876,6047,6033
104901,6047,6033
104933,6047,6033
104948,6047,6033
104954,6063,6033
104965,6063,6033
105042,-,6033
105057,-,6033
105063,-,6033
105068,-,6033
105078,-,6033
105133,-,6033
105141,6076,6033
105152,6076,6033
105158,6076,6033
105160,6076,6033
105165,6076,6033
105213,6076,6082
105219,6076,6083
105257,6076,6085
105270,6076,6085
105400,6076,6085
105446,6088,6085
105466,6090,6085
105479,6090,6085
105519,6090,6085
105528,6094,6085
105538,6094,6085
105550,6094,6085
105566,-,6085
105571,6099,6085
105594,6101,6085
105601,6102,6085
105618,6102,6085
105639,6105,-
105649,6105,6106
105654,6105,6106
105660,6105,6106
105695,6105,6106
105721,6113,6106
105730,6113,6106
105748,6113,6106
105752,6113,6106
105795,6113,6106
105810,6113,6106
105842,6113,6121
105851,6122,6121
105871,6122,6121
105874,6122,6121
105886,6122,6121
105942,6122,6121
105990,6122,6121
105996,6122,6121
106017,6122,6121
106025,6122,6121
106031,6122,6136
106041,6122,6137
106045,6122,6137
106064,6122,6139
106066,6122,6139
106086,6122,6139
106095,6122,6139
106157,6122,6139
106163,6122,6139
106168,6122,6139
106189,6122,6139
106205,6122,6139
106218,6122,6139
106225,6122,6139
106294,6122,6139
106300,6122,6139
106309,6122,6139
106354,6122,6139
106365,6122,6139
106409,6122,6139
106459,6165,6139
106474,6165,6166
106494,6167,6166
106521,6167,6169
106526,6167,6171
106536,6172,6171
106620,6178,6171
106631,6178,6171
106643,6178,6171
106727,6178,6171
106774,6182,-
106784,6183,-
106832,6183,6184
106839,6183,6185
106849,6183,6186
106899,6183,6187
106903,6183,6188
107041,6183,6188
107195,6190,6188
107243,6193,6188
107250,6196,6188
107254,6197,6188
107262,6197,6188
107272,6197,6188
107305,6201,6188
107319,6203,6188
107323,6204,6188
107341,-,-
107350,6209,-
107354,6211,-
107355,6211,-
107366,6211,-
107396,6211,-
107404,6211,-
107412,6211,-
107418,6211,-
107421,6211,-
107428,6211,-
107433,6211,-
107452,6211,-
107471,6211,-
107475,6211,-
107482,6211,-
107495,6211,-
107501,6211,-
107515,6211,-
107516,6211,6259
107521,6211,6259
107531,6211,6259
107534,6211,6259
107536,6211,6259
107546,6211,6259
107553,6211,6259
107556,6211,6259
107561,6211,6259
107563,6211,-
107565,6211,6276
107570,6211,6276
107572,6211,6276
107580,6211,6276
107600,6289,6276
107602,6289,6276
107603,6289,6276
107615,6293,6276
107617,6293,6276
107710,6293,6276
107715,6293,6276
107822,6293,6298
107832,6293,6298
107887,6293,6300
107904,6293,6300
107924,6293,6302
108174,6305,6302
108179,-,6302
108183,6309,6302
108201,-,6302
108212,6312,6302
108259,6314,6302
108262,6314,6302
108268,6314,6316
108283,6317,6316
108291,6319,6316
108304,-,6316
108308,6324,6316
108323,6327,6316
108326,6327,6316
108332,6327,6316
108336,6327,6316
108340,6327,6316
108345,-,6316
108356,-,-
108357,-,-
108360,-,-
108362,-,6343
108368,-,-
108372,6347,-
108379,6347,-
108380,6347,6352
108384,-,6353
108393,-,-
108394,-,-
108397,-,6360
108399,6361,6360
108402,6361,6360
108406,6361,6360
108408,6361,-
108411,6361,6367
108412,6361,6367
108413,6361,6367
108421,-,-
108422,-,6375
108423,6376,6375
108426,6376,6375
108431,6376,-
108435,6376,-
108440,-,-
108442,6388,-
108444,6388,-
108451,6391,-
108460,6394,-
108461,6394,-
108465,6394,-
108481,6394,-
108486,-,-
108487,-,-
108497,6409,-
108498,6409,6410
108502,-,-
108503,6412,-
108504,6412,6413
108508,6412,6413
108510,6412,6413
108518,-,-
108520,-,6421
108536,-,-
108557,6426,-
108565,6426,6431
108567,6426,6431
108574,6426,-
108577,6426,6434
108587,6426,6435
108593,-,-
108594,-,6438
108601,-,6438
108609,-,6438
108614,6443,6438
108619,6443,-
108620,6443,6446
108622,6443,6446
108626,6443,6446
108630,6443,-
108632,6443,6450
108635,6443,6450
108637,6443,-
108642,-,-
108644,6455,-
108647,6455,-
108651,6455,6457
108660,-,6459
108668,-,6462
108669,6463,6462
108684,6463,6462
108686,-,6462
108692,-,6462
108694,6471,6462
108705,-,6462
108706,-,6462
108710,-,6462
108717,-,6462
108731,6482,6462
108733,6482,6462
108749,6484,6462
108753,6484,6462
108774,-,6462
108828,6490,-
108835,6491,-
108846,6491,-
108873,-,-
108876,-,6494
108888,-,6495
